{
    "cat": "sancho",
    "box": 1000,
    "grid": 144.0,
    "interpolation": 4,
    "interlacing": true,
    "kbin": 2.0,
    "kcenter": 2.0,
    "iopen": true,
    "om": 0.3,
    "ol": 0.7,
    "z": 0.5,
    "multipoles": true,
    "los": [
        0.0,
        0.0,
        1.0
    ],
    "cross": false,
    "cfile": "../testdata/cfile.npz",
    "npool": 4,
    "savedensity": false,
    "config_file": "config.json",
    "ifile": "../testdata/fiducial_HOD_fid_NFW_sample0_1Gpc_z0.50_RSD3_run0.npz",
    "ps_outfile": "../testdata/ps.dat",
    "bs_outfile": "../testdata/bs.dat",
    "dk": 0.006283185307179587,
    "nbins_ps": 32,
    "nbins_bisp": 21,
    "kf": 0.006283185307179587,
    "kN": 0.20106192982974677,
    "Hz": 130.86252328302402,
    "itot": 1156,
    "kvec": [
        0.006283185307179587,
        0.012566370614359173,
        0.01884955592153876,
        0.025132741228718346,
        0.031415926535897934,
        0.03769911184307752,
        0.0439822971502571,
        0.05026548245743669,
        0.05654866776461628,
        0.06283185307179587,
        0.06911503837897545,
        0.07539822368615504,
        0.08168140899333462,
        0.0879645943005142,
        0.0942477796076938,
        0.10053096491487339,
        0.10681415022205297,
        0.11309733552923255,
        0.11938052083641214,
        0.12566370614359174,
        0.13194689145077132,
        0.1382300767579509,
        0.1445132620651305,
        0.15079644737231007,
        0.15707963267948966,
        0.16336281798666924,
        0.16964600329384882,
        0.17592918860102844,
        0.18221237390820802,
        0.1884955592153876,
        0.1947787445225672,
        0.20106192982974677
    ]
}