{
    "cat": "sancho",
    "box": 1000,
    "grid": 128,
    "interpolation": 4,
    "interlacing": true,
    "kbin": 1,
    "kcenter": 1,
    "iopen": true,
    "om": 0.3,
    "ol": 0.7,
    "z": 0.5,
    "multipoles": true,
    "los": [
        0.0,
        0.0,
        1.0
    ],
    "cross": false,
    "cfile": "../testdata/cfile.npz",
    "npool": 4,
    "savedensity": false,
    "config_file": "config.json",
    "ifile": "../testdata/fiducial_HOD_fid_NFW_sample0_1Gpc_z0.50_RSD3_run0.npz",
    "ps_outfile": "../testdata/ps.dat",
    "bs_outfile": "../testdata/bs.dat",
    "dk": 0.006283185307179587,
    "nbins_ps": 64,
    "nbins_bisp": 42,
    "kf": 0.006283185307179587,
    "kN": 0.40212385965949354,
    "Hz": 130.86252328302402,
    "itot": 7714,
    "kvec": [
        0.006283185307179587,
        0.012566370614359173,
        0.01884955592153876,
        0.025132741228718346,
        0.031415926535897934,
        0.03769911184307752,
        0.0439822971502571,
        0.05026548245743669,
        0.05654866776461628,
        0.06283185307179587,
        0.06911503837897545,
        0.07539822368615504,
        0.08168140899333462,
        0.0879645943005142,
        0.0942477796076938,
        0.10053096491487339,
        0.10681415022205297,
        0.11309733552923255,
        0.11938052083641214,
        0.12566370614359174,
        0.13194689145077132,
        0.1382300767579509,
        0.1445132620651305,
        0.15079644737231007,
        0.15707963267948966,
        0.16336281798666924,
        0.16964600329384882,
        0.17592918860102844,
        0.18221237390820802,
        0.1884955592153876,
        0.1947787445225672,
        0.20106192982974677,
        0.20734511513692636,
        0.21362830044410594,
        0.21991148575128552,
        0.2261946710584651,
        0.2324778563656447,
        0.23876104167282428,
        0.2450442269800039,
        0.25132741228718347,
        0.25761059759436306,
        0.26389378290154264,
        0.2701769682087222,
        0.2764601535159018,
        0.2827433388230814,
        0.289026524130261,
        0.29530970943744056,
        0.30159289474462014,
        0.3078760800517997,
        0.3141592653589793,
        0.3204424506661589,
        0.3267256359733385,
        0.33300882128051806,
        0.33929200658769765,
        0.3455751918948773,
        0.35185837720205687,
        0.35814156250923646,
        0.36442474781641604,
        0.3707079331235956,
        0.3769911184307752,
        0.3832743037379548,
        0.3895574890451344,
        0.39584067435231396,
        0.40212385965949354
    ]
}